DW Assistance Provided,,,,,,,
Report Date: 02/20/2026 09:18:13,,,,,,,
Report Filters:  State in (NC) Reporting Year 2025,,,,,,,
,,,,,,,
Agreement Action,State,Borrower,Loan Tracking Number,Assistance Type,Date of Agreement Action,Number of New Agreements</br> (Includes Sub agreements),Amount of New Funding
New Assistance,NC,"Washington, City of",WIF-2049,Loan,10/22/2024,1,"6,154,000"
Changes in Assistance,NC,Junaluska Sanitary District,WIF-2035,Loan,10/22/2024,0,"-3,961,316"
Changes in Assistance,NC,"Franklin, Town of",WIF-2028,Loan,08/08/2024,0,"-2,500,000"
New Assistance,NC,"Franklin, Town of",WIF-2028,Loan,07/31/2024,1,"11,389,000"
New Assistance,NC,Pender County,WIF-2006,Loan,08/02/2024,1,"13,187,000"
Changes in Assistance,NC,"Henderson, City of",WIF-1920,Loan,07/31/2024,0,"10,890,172"
New Assistance,NC,Stokes County,WIF - 2004,Loan,07/30/2024,1,"5,208,600"
New Assistance,NC,"Aqua North Carolina, Inc.",SRF-EC-0020,Loan,06/12/2025,1,"1,447,400"
New Assistance,NC,Broad River Water Authority,SRF-D-LSL-0138,Loan,05/09/2025,1,"1,000,000"
New Assistance,NC,"Lumberton, City of",SRF-D-LSL-0126,Loan,04/09/2025,1,"1,000,000"
New Assistance,NC,"Grifton, Town of",SRF-D-LSL-0123,Loan,03/11/2025,1,"837,800"
New Assistance,NC,"Nash, County of",SRF-D-LSL-0121,Loan,06/15/2025,1,"1,000,000"
New Assistance,NC,"Nash, County of",SRF-D-LSL-0119,Loan,04/15/2025,1,"817,500"
New Assistance,NC,"Nash, County of",SRF-D-LSL-0118,Loan,04/15/2025,1,"462,500"
New Assistance,NC,"Kannapolis, City of",SRF-D-LSL-0116,Loan,03/11/2025,1,"1,000,000"
New Assistance,NC,Eastern Pines,SRF-D-LSL-0114,Loan,03/11/2025,1,"535,000"
New Assistance,NC,Harrells Water Corporation,SRF-D-LSL-0112,Loan,03/11/2025,1,"53,815"
New Assistance,NC,"Winterville, Town of",SRF-D-LSL-0109,Loan,08/22/2024,1,"165,000"
New Assistance,NC,"Morganton, City of",SRF-D-LSL-0108,Loan,03/18/2025,1,"450,000"
New Assistance,NC,Lumberton,SRF-D-LSL-0107,Loan,12/30/2024,1,"1,000,000"
New Assistance,NC,"Black Mountain, Town of",SRF-D-LSL-0106,Loan,10/22/2024,1,"500,000"
New Assistance,NC,"Washington, City of",SRF-D-LSL-0103,Loan,08/22/2024,1,"460,000"
New Assistance,NC,"Bessemer City, Town of",SRF-D-LSL-0099,Loan,10/22/2024,1,"780,000"
New Assistance,NC,"Newton Grove, Town of",SRF-D-LSL-0098,Loan,10/22/2024,1,"66,700"
New Assistance,NC,"Haw River, Town of",SRF-D-LSL-0093,Loan,12/18/2024,1,"210,000"
New Assistance,NC,"Whitakers, Town of",SRF-D-LSL-0092,Loan,04/10/2025,1,"60,150"
Changes in Assistance,NC,Iredell Water Corporation,SRF-D-LSL-0091,Loan,02/06/2025,0,"-139,448"
New Assistance,NC,Iredell Water Corporation,SRF-D-LSL-0091,Loan,07/23/2024,1,"348,620"
New Assistance,NC,"Harnett, County of",SRF-D-LSL-0088,Loan,05/19/2025,1,"1,000,000"
New Assistance,NC,"Wilson, City of",SRF-D-LSL-0087,Loan,04/16/2025,1,"1,000,000"
New Assistance,NC,"Elizabethtown, Town of",SRF-D-LSL-0085,Loan,07/23/2024,1,"278,920"
New Assistance,NC,Bertie County,SRF-D-LSL-0084,Loan,07/23/2024,1,"290,000"
New Assistance,NC,Northampton County,SRF-D-LSL-0083,Loan,07/23/2024,1,"1,000,000"
New Assistance,NC,North Lenoir Water Corporation,SRF-D-LSL-0081,Loan,12/18/2024,1,"627,811"
Changes in Assistance,NC,"Stantonsburg, Town of",SRF-D-LSL-0079,Loan,11/13/2024,0,"-74,250"
New Assistance,NC,"Stantonsburg, Town of",SRF-D-LSL-0079,Loan,08/22/2024,1,"495,000"
New Assistance,NC,Gates County,SRF-D-LSL-0069,Loan,07/23/2024,1,"328,000"
New Assistance,NC,"Lake Lure, Town of",SRF-D-LSL-0062,Loan,07/23/2024,1,"1,000,000"
New Assistance,NC,"Magnolia, Town of",SRF-D-LSL-0060,Loan,04/09/2025,1,"92,500"
New Assistance,NC,Ayden,SRF-D-LSL-0059,Loan,03/11/2025,1,"504,040"
New Assistance,NC,"Angier, Town of",SRF-D-LSL-0057,Loan,07/23/2024,1,"1,998,784"
Changes in Assistance,NC,"Asheboro, City of",SRF-D-LSL-0056,Loan,05/05/2025,0,"-1,000,000"
New Assistance,NC,"Valdese, Town of",SRF-D-LSL-0053,Loan,07/23/2024,1,"500,000"
Changes in Assistance,NC,"Rose Hill, Town of",SRF-D-LSL-0049,Loan,07/09/2024,0,"-80,000"
New Assistance,NC,"Woodland, Town of",SRF-D-LSL-0047,Loan,07/23/2024,1,"200,000"
New Assistance,NC,"Williamston, Town of",SRF-D-LSL-0046,Loan,07/23/2024,1,"490,000"
New Assistance,NC,"Norwood, Town of",SRF-D-LSL-0045,Loan,08/22/2024,1,"2,000,000"
New Assistance,NC,"Troy, Town of",SRF-D-LSL-0035,Loan,07/23/2024,1,"389,202"
New Assistance,NC,"Sanford, City of",SRF-D-LSL-0033,Loan,07/23/2024,1,"1,000,000"
New Assistance,NC,Onslow Water and Sewer Authority,SRF-D-LSL-0028,Loan,08/22/2024,1,"1,000,000"
Changes in Assistance,NC,"Benson, Town of",SRF-D-LSL-0025,Loan,12/10/2024,0,"-250,000"
New Assistance,NC,"Sanford, City of",SRF-D-LSL-0019,Loan,09/13/2024,1,"499,380"
New Assistance,NC,"Pine Level, Town of",SRF-D-LSL-0014,Loan,07/22/2024,1,"113,150"
New Assistance,NC,"Dunn, City of",SRF-D-LSL-0013,Loan,08/22/2024,1,"500,000"
New Assistance,NC,Cape Fear Public Utility Authority,SRF-D-LSL-0012,Loan,02/28/2025,1,"4,161,150"
Changes in Assistance,NC,"Aqua North Carolina, Inc.",SRF-D-LSL-0010,Loan,11/13/2024,0,"115,500"
New Assistance,NC,"Jonesville, Town of",SRF-D-LSL-0009,Loan,10/22/2024,1,"400,000"
New Assistance,NC,"Princeton, Town of",SRF-D-LSL-0004,Loan,07/23/2024,1,"76,050"
New Assistance,NC,"Rocky Mount, City of",SRF-D-EC-0025,Loan,03/14/2025,1,"500,000"
New Assistance,NC,Orange Water and Sewer Authority,SRF-D-EC-0023,Loan,04/09/2025,1,"1,000,000"
New Assistance,NC,"Goldsboro, City of",SRF-D-EC-0022,Loan,12/17/2024,1,"500,000"
New Assistance,NC,Roanoke Rapids Sanitary District,SRF-D-EC-0021,Loan,01/10/2025,1,"500,000"
New Assistance,NC,Lumberton,SRF-D-EC-0016,Loan,02/19/2025,1,"500,000"
New Assistance,NC,"Harnett, County of",SRF-D-EC-0012,Loan,12/06/2024,1,"500,000"
New Assistance,NC,South Granville Water & Sewer Authority,SRF-D-EC-0011,Loan,07/30/2024,1,"500,000"
New Assistance,NC,"Siler City, Town of",SRF-D-EC-0010,Loan,04/09/2025,1,"400,000"
New Assistance,NC,"Norwood, Town of",SRF-D-EC-0009,Loan,12/10/2024,1,"500,000"
New Assistance,NC,"Graham, City of",SRF-D-EC-0008,Loan,08/29/2024,1,"500,000"
New Assistance,NC,Martin County Regional W&SA,SRF-D-EC-0007,Loan,02/14/2025,1,"500,000"
New Assistance,NC,"Carthage, Town of",SRF-D-EC-0006,Loan,01/21/2025,1,"400,000"
New Assistance,NC,Fayetteville Public Water Commission,SRF-D-EC-0005,Loan,03/06/2025,1,"500,000"
New Assistance,NC,Neuse Regional Water & Sewer Authority,SRF-D-EC-0004,Loan,07/01/2024,1,"500,000"
New Assistance,NC,Columbus County Water Dist IV,SRF-D-2063,Loan,02/28/2025,1,"2,574,639"
New Assistance,NC,"Holly Springs, Town of",SRF-D-2062,Loan,11/20/2024,1,"7,021,926"
New Assistance,NC,"Aqua North Carolina, Inc.",SRF-D-2061,Loan,06/12/2025,1,"4,347,960"
New Assistance,NC,"Fuquay-Varina, Town of",SRF-D-2060,Loan,11/20/2024,1,"10,532,889"
New Assistance,NC,Junaluska Sanitary District,SRF-D-2059,Loan,10/22/2024,1,"9,495,104"
New Assistance,NC,"Warrenton, Town of",SRF-D-2057,Loan,03/21/2025,1,"1,564,600"
Changes in Assistance,NC,"Rockingham, County of",1997,Loan,06/20/2025,0,"-69,068"